id,time,space
1,0.12101340293884277,56
2,0.11841678619384766,88
